Name	Start	Duration	Time Format	Type	Description
アフタートーク	1:59:17.556	0:00.000	decimal	Cue	
次の企画	1:55:29.303	0:00.000	decimal	Cue	
ゲームIN外国	1:43:50.206	0:00.000	decimal	Cue	
QWOP	1:41:00.000	0:00.000	decimal	Cue	
フラッシュ総集編　	1:38:22.303	0:00.000	decimal	Cue	
シフトアップネット	1:35:43.484	0:00.000	decimal	Cue	
ぱんぞう	1:33:38.688	0:00.000	decimal	Cue	
もはや名前も思い出せない「アレ」	1:30:32.014	0:00.000	decimal	Cue	
プーさんのホームランダービー	1:28:22.097	0:00.000	decimal	Cue	
劇空間ぱわふるリーグ	1:21:39.435	0:00.000	decimal	Cue	
CGIゲーム	1:18:53.335	0:00.000	decimal	Cue	
トントンレース	1:17:56.115	0:00.000	decimal	Cue	
ピンポンダッシュ	1:17:22.411	0:00.000	decimal	Cue	
ゲームの大御所	1:13:35.406	0:00.000	decimal	Cue	
ゲーム：無個性戦隊○○レンジャー	1:10:37.260	0:00.000	decimal	Cue	
怖い系	1:00:15.848	0:00.000	decimal	Cue	
小小系列	58:17.288	0:00.000	decimal	Cue	
楽しい〇〇	53:14.096	0:00.000	decimal	Cue	
接点t	50:37.639	0:00.000	decimal	Cue	
キーボードクラッシャー	45:34.672	0:00.000	decimal	Cue	
引越しおばさん	41:47.277	0:00.000	decimal	Cue	
○ね○ね団	41:05.648	0:00.000	decimal	Cue	
バスト占いの歌	40:16.696	0:00.000	decimal	Cue	
ハゲの歌	37:53.379	0:00.000	decimal	Cue	
ラーメンズ	26:03.900	0:00.000	decimal	Cue	
飲み歌	23:40.000	0:00.000	decimal	Cue	
ノマノマイェイ	15:32.567	0:00.000	decimal	Cue	
恋のマイアヒ	12:20.000	0:00.000	decimal	Cue	
オラサイト	7:42.847	0:00.000	decimal	Cue	
童心	5:04.455	0:00.000	decimal	Cue	
フラッシュ	2:52.494	0:00.000	decimal	Cue	
さっそく物申す	0:00.000	0:00.000	decimal	Cue	
